0;0;{}
0;65;{}
0;66;{}
0;67;{}
0;68;{}
0;69;{}
0;70;{}
0;71;{}
0;72;{}
0;73;{}
0;74;{}
0;75;{}
0;76;{}
0;77;{}
0;78;{}
0;79;{}
0;80;{}
0;81;{}
0;82;{}
0;83;{}
0;84;{}
0;85;{}
0;86;{}
0;87;{}
0;88;{}
0;89;{}
0;62;{}
0;693;{}
0;694;{}
0;695;{}
0;279;{}
0;696;{}
0;697;{}
0;490;{}
0;179;{}
0;698;{}
0;699;{}
0;700;{}
0;523;{}
0;701;{}
0;702;{}
0;191;{}
0;703;{}
0;704;{}
0;705;{}
0;706;{}
0;707;{}
0;443;{}
0;708;{}
0;196;{}
0;709;{}
0;710;{}
0;711;{}
0;202;{}
0;203;{}
0;662;{}
0;712;{}
0;713;{}
0;212;{}
0;714;{}
0;715;{}
0;716;{}
0;649;{}
0;717;{}
0;217;{}
0;218;{}
0;718;{}
0;276;{}
0;719;{}
0;720;{}
0;721;{}
0;722;{}
0;723;{}
0;310;{}
0;724;{}
0;725;{}
0;726;{}
0;727;{}
0;728;{}
0;507;{}
0;349;{}
0;729;{}
0;637;{}
0;730;{}
0;731;{}
0;510;{}
0;732;{}
0;733;{}
0;232;{}
0;734;{}
0;735;{}
0;301;{}
0;736;{}
0;737;{}
0;738;{}
0;739;{}
0;740;{}
0;237;{}
0;741;{}
0;742;{}
0;743;{}
0;744;{}
0;745;{}
0;460;{}
0;746;{}
0;747;{}
0;250;{}
0;748;{}
0;749;{}
0;750;{}
0;751;{}
0;322;{}
0;752;{}
0;528;{}
0;753;{}
0;754;{}
0;755;{}
0;622;{}
1;1;{}
1;237;{}
1;688;{}
1;689;{}
1;690;{}
1;572;{}
1;187;{}
1;691;{}
1;571;{}
1;465;{}
1;555;{}
1;570;{}
1;301;{}
1;218;{}
1;355;{}
1;336;{}
1;529;{}
1;692;{}
1;196;{}
1;356;{}
2;2;{}
2;90;{}
2;237;{}
2;756;{}
2;757;{}
2;758;{}
2;759;{}
2;760;{}
2;184;{}
2;196;{}
2;344;{}
2;235;{}
2;203;{}
2;325;{}
2;761;{}
2;232;{}
3;3;{}
3;91;{}
3;92;{}
3;88;{}
3;93;{}
3;94;{}
3;95;{}
3;96;{}
3;97;{}
3;98;{}
3;99;{}
3;100;{}
3;101;{}
3;102;{}
3;103;{}
3;15;{}
3;178;{}
3;179;{}
3;180;{}
3;181;{}
3;182;{}
3;183;{}
3;184;{}
3;185;{}
3;186;{}
3;187;{}
3;188;{}
3;189;{}
3;190;{}
3;191;{}
3;192;{}
3;193;{}
3;194;{}
3;195;{}
3;196;{}
3;197;{}
3;198;{}
3;199;{}
3;200;{}
3;201;{}
3;202;{}
3;203;{}
3;204;{}
3;205;{}
3;206;{}
3;207;{}
3;208;{}
3;209;{}
3;210;{}
3;211;{}
3;212;{}
3;213;{}
3;214;{}
3;215;{}
3;216;{}
3;217;{}
3;218;{}
3;219;{}
3;220;{}
3;221;{}
3;222;{}
3;223;{}
3;224;{}
3;225;{}
3;226;{}
3;227;{}
3;228;{}
3;229;{}
3;230;{}
3;231;{}
3;232;{}
3;233;{}
3;234;{}
3;235;{}
3;236;{}
3;237;{}
3;238;{}
3;239;{}
3;240;{}
3;241;{}
3;242;{}
3;243;{}
3;244;{}
3;245;{}
3;246;{}
3;247;{}
3;248;{}
3;249;{}
3;250;{}
3;251;{}
3;252;{}
3;253;{}
3;254;{}
3;255;{}
4;4;{}
4;104;{}
4;105;{}
4;197;{}
4;237;{}
4;256;{}
4;257;{}
4;201;{}
4;258;{}
4;259;{}
4;260;{}
4;261;{}
4;262;{}
4;263;{}
4;264;{}
4;212;{}
4;265;{}
4;266;{}
4;267;{}
4;268;{}
4;269;{}
4;270;{}
4;232;{}
4;271;{}
4;272;{}
4;273;{}
4;218;{}
4;274;{}
4;275;{}
4;276;{}
4;277;{}
4;196;{}
5;5;{}
5;106;{}
5;107;{}
5;38;{}
5;108;{}
5;109;{}
5;110;{}
5;197;{}
5;237;{}
5;762;{}
5;763;{}
5;281;{}
5;764;{}
5;454;{}
5;677;{}
5;765;{}
5;766;{}
5;181;{}
5;439;{}
5;391;{}
5;767;{}
5;768;{}
5;769;{}
5;770;{}
5;771;{}
5;188;{}
5;212;{}
5;267;{}
5;448;{}
5;232;{}
5;772;{}
5;773;{}
5;301;{}
5;322;{}
5;236;{}
5;196;{}
5;774;{}
6;6;{}
6;575;{}
6;237;{}
6;218;{}
6;309;{}
6;325;{}
6;196;{}
6;232;{}
7;7;{}
7;111;{}
7;112;{}
7;237;{}
7;307;{}
7;489;{}
7;310;{}
7;490;{}
7;491;{}
7;203;{}
7;492;{}
7;493;{}
7;372;{}
7;494;{}
7;495;{}
7;496;{}
7;212;{}
7;316;{}
7;497;{}
7;232;{}
7;317;{}
7;498;{}
7;499;{}
7;301;{}
7;500;{}
7;218;{}
7;501;{}
7;322;{}
7;502;{}
7;255;{}
7;196;{}
7;219;{}
8;8;{}
8;113;{}
8;21;{}
8;237;{}
8;307;{}
8;308;{}
8;309;{}
8;310;{}
8;179;{}
8;311;{}
8;312;{}
8;264;{}
8;313;{}
8;314;{}
8;315;{}
8;212;{}
8;316;{}
8;232;{}
8;317;{}
8;318;{}
8;319;{}
8;320;{}
8;321;{}
8;301;{}
8;218;{}
8;322;{}
8;323;{}
8;305;{}
8;324;{}
8;196;{}
8;219;{}
9;9;{}
9;114;{}
9;115;{}
9;88;{}
9;237;{}
9;278;{}
9;279;{}
9;280;{}
9;281;{}
9;282;{}
9;283;{}
9;284;{}
9;203;{}
9;205;{}
9;285;{}
9;286;{}
9;287;{}
9;288;{}
9;289;{}
9;290;{}
9;291;{}
9;292;{}
9;293;{}
9;212;{}
9;265;{}
9;294;{}
9;295;{}
9;191;{}
9;296;{}
9;297;{}
9;298;{}
9;232;{}
9;299;{}
9;300;{}
9;217;{}
9;301;{}
9;218;{}
9;302;{}
9;303;{}
9;304;{}
9;305;{}
9;306;{}
9;196;{}
10;10;{}
10;237;{}
10;279;{}
10;325;{}
10;203;{}
10;326;{}
10;327;{}
10;328;{}
10;241;{}
10;329;{}
10;264;{}
10;245;{}
10;330;{}
10;331;{}
10;232;{}
10;332;{}
10;333;{}
10;334;{}
10;301;{}
10;335;{}
10;336;{}
10;337;{}
11;11;{}
11;116;{}
11;117;{}
11;118;{}
11;576;{}
11;577;{}
11;578;{}
11;228;{}
11;579;{}
11;218;{}
11;580;{}
11;581;{}
11;582;{}
11;583;{}
11;584;{}
11;585;{}
11;203;{}
11;255;{}
11;196;{}
11;586;{}
11;219;{}
12;12;{}
12;75;{}
12;119;{}
12;120;{}
12;121;{}
12;237;{}
12;279;{}
12;503;{}
12;504;{}
12;203;{}
12;505;{}
12;506;{}
12;507;{}
12;457;{}
12;349;{}
12;508;{}
12;509;{}
12;510;{}
12;293;{}
12;188;{}
12;212;{}
12;511;{}
12;267;{}
12;232;{}
12;512;{}
12;384;{}
12;322;{}
12;513;{}
12;514;{}
12;218;{}
12;485;{}
12;236;{}
12;196;{}
13;13;{}
13;237;{}
13;212;{}
13;196;{}
13;344;{}
13;203;{}
13;345;{}
13;232;{}
14;14;{}
14;122;{}
14;123;{}
14;124;{}
14;279;{}
14;338;{}
14;339;{}
14;301;{}
14;340;{}
14;341;{}
14;342;{}
14;343;{}
14;203;{}
14;255;{}
14;205;{}
14;196;{}
15;15;{}
15;92;{}
15;88;{}
15;125;{}
15;126;{}
15;127;{}
15;101;{}
15;34;{}
15;237;{}
15;515;{}
15;199;{}
15;516;{}
15;517;{}
15;518;{}
15;519;{}
15;436;{}
15;520;{}
15;206;{}
15;180;{}
15;521;{}
15;522;{}
15;264;{}
15;228;{}
15;187;{}
15;523;{}
15;247;{}
15;188;{}
15;212;{}
15;524;{}
15;265;{}
15;189;{}
15;525;{}
15;191;{}
15;229;{}
15;526;{}
15;250;{}
15;442;{}
15;232;{}
15;527;{}
15;301;{}
15;218;{}
15;322;{}
15;528;{}
15;529;{}
15;235;{}
15;236;{}
15;196;{}
15;433;{}
16;16;{}
16;237;{}
16;187;{}
16;218;{}
16;325;{}
16;196;{}
16;231;{}
16;232;{}
17;17;{}
17;237;{}
17;775;{}
17;218;{}
17;325;{}
17;196;{}
17;776;{}
17;232;{}
18;18;{}
18;88;{}
18;128;{}
18;237;{}
18;777;{}
18;778;{}
18;279;{}
18;779;{}
18;282;{}
18;780;{}
18;593;{}
18;781;{}
18;203;{}
18;782;{}
18;783;{}
18;784;{}
18;785;{}
18;212;{}
18;786;{}
18;787;{}
18;232;{}
18;788;{}
18;301;{}
18;789;{}
18;486;{}
18;485;{}
18;302;{}
18;335;{}
18;403;{}
18;790;{}
18;255;{}
18;196;{}
18;433;{}
19;19;{}
19;129;{}
19;237;{}
19;279;{}
19;281;{}
19;346;{}
19;221;{}
19;203;{}
19;179;{}
19;347;{}
19;348;{}
19;349;{}
19;350;{}
19;351;{}
19;212;{}
19;352;{}
19;191;{}
19;267;{}
19;268;{}
19;353;{}
19;232;{}
19;354;{}
19;218;{}
19;355;{}
19;196;{}
19;356;{}
20;20;{}
20;530;{}
20;531;{}
20;301;{}
20;218;{}
21;21;{}
21;88;{}
21;128;{}
21;765;{}
21;237;{}
21;307;{}
21;232;{}
21;791;{}
21;212;{}
21;792;{}
21;793;{}
21;335;{}
21;794;{}
21;795;{}
21;796;{}
21;203;{}
21;196;{}
21;433;{}
21;419;{}
22;22;{}
22;587;{}
22;588;{}
22;589;{}
22;203;{}
22;232;{}
23;23;{}
23;237;{}
23;532;{}
23;301;{}
23;218;{}
23;533;{}
23;325;{}
23;196;{}
23;232;{}
24;24;{}
24;130;{}
24;131;{}
24;62;{}
24;237;{}
24;534;{}
24;535;{}
24;536;{}
24;537;{}
24;519;{}
24;538;{}
24;203;{}
24;539;{}
24;457;{}
24;540;{}
24;422;{}
24;423;{}
24;424;{}
24;187;{}
24;541;{}
24;542;{}
24;212;{}
24;543;{}
24;544;{}
24;191;{}
24;267;{}
24;232;{}
24;545;{}
24;217;{}
24;431;{}
24;301;{}
24;513;{}
24;322;{}
24;450;{}
24;546;{}
24;196;{}
25;25;{}
25;237;{}
25;590;{}
25;212;{}
25;301;{}
25;218;{}
25;591;{}
25;196;{}
25;232;{}
26;26;{}
26;357;{}
26;358;{}
26;359;{}
26;360;{}
26;301;{}
26;361;{}
26;203;{}
26;362;{}
26;363;{}
26;255;{}
26;364;{}
27;27;{}
27;592;{}
27;237;{}
27;301;{}
27;218;{}
27;593;{}
27;594;{}
27;325;{}
27;595;{}
27;596;{}
27;569;{}
27;196;{}
27;232;{}
28;28;{}
28;42;{}
28;237;{}
28;332;{}
28;212;{}
28;203;{}
28;597;{}
28;419;{}
28;196;{}
28;232;{}
29;29;{}
29;132;{}
29;133;{}
29;134;{}
29;135;{}
29;237;{}
29;365;{}
29;366;{}
29;367;{}
29;368;{}
29;369;{}
29;370;{}
29;371;{}
29;372;{}
29;373;{}
29;374;{}
29;375;{}
29;228;{}
29;376;{}
29;377;{}
29;378;{}
29;212;{}
29;379;{}
29;267;{}
29;380;{}
29;232;{}
29;381;{}
29;382;{}
29;383;{}
29;384;{}
29;301;{}
29;218;{}
29;322;{}
29;385;{}
29;196;{}
30;30;{}
30;35;{}
30;237;{}
30;435;{}
30;301;{}
30;218;{}
30;325;{}
30;598;{}
30;196;{}
30;232;{}
31;31;{}
31;136;{}
31;137;{}
31;138;{}
31;237;{}
31;386;{}
31;387;{}
31;388;{}
31;196;{}
31;368;{}
31;389;{}
31;328;{}
31;390;{}
31;391;{}
31;392;{}
31;393;{}
31;245;{}
31;394;{}
31;212;{}
31;395;{}
31;396;{}
31;255;{}
31;191;{}
31;397;{}
31;331;{}
31;398;{}
31;399;{}
31;232;{}
31;400;{}
31;301;{}
31;401;{}
31;402;{}
31;403;{}
31;404;{}
31;405;{}
31;406;{}
31;219;{}
32;32;{}
32;451;{}
32;237;{}
32;212;{}
32;301;{}
32;218;{}
32;599;{}
32;600;{}
32;196;{}
32;232;{}
33;33;{}
33;237;{}
33;307;{}
33;218;{}
33;325;{}
33;196;{}
33;232;{}
34;34;{}
34;237;{}
34;386;{}
34;515;{}
34;187;{}
34;212;{}
34;601;{}
34;218;{}
34;602;{}
34;447;{}
34;196;{}
34;232;{}
35;35;{}
35;139;{}
35;94;{}
35;140;{}
35;237;{}
35;435;{}
35;547;{}
35;419;{}
35;548;{}
35;457;{}
35;549;{}
35;223;{}
35;550;{}
35;551;{}
35;552;{}
35;212;{}
35;553;{}
35;191;{}
35;267;{}
35;554;{}
35;232;{}
35;555;{}
35;556;{}
35;557;{}
35;558;{}
35;301;{}
35;218;{}
35;450;{}
35;196;{}
36;36;{}
36;141;{}
36;237;{}
36;211;{}
36;187;{}
36;438;{}
36;232;{}
36;603;{}
36;604;{}
36;605;{}
36;281;{}
36;218;{}
36;309;{}
36;447;{}
36;325;{}
36;606;{}
36;607;{}
36;196;{}
36;219;{}
37;37;{}
37;797;{}
37;237;{}
37;716;{}
37;798;{}
37;799;{}
37;377;{}
37;212;{}
37;301;{}
37;218;{}
37;486;{}
37;309;{}
37;191;{}
37;325;{}
37;704;{}
37;465;{}
37;800;{}
37;196;{}
37;232;{}
38;38;{}
38;142;{}
38;237;{}
38;801;{}
38;516;{}
38;802;{}
38;281;{}
38;220;{}
38;366;{}
38;657;{}
38;203;{}
38;407;{}
38;681;{}
38;287;{}
38;803;{}
38;804;{}
38;212;{}
38;805;{}
38;232;{}
38;317;{}
38;772;{}
38;301;{}
38;218;{}
38;322;{}
38;305;{}
38;196;{}
39;39;{}
39;92;{}
39;143;{}
39;144;{}
39;88;{}
39;145;{}
39;608;{}
39;609;{}
39;610;{}
39;611;{}
39;612;{}
39;613;{}
39;592;{}
39;180;{}
39;288;{}
39;614;{}
39;615;{}
39;247;{}
39;616;{}
39;617;{}
39;250;{}
39;618;{}
39;619;{}
39;218;{}
39;620;{}
39;621;{}
39;306;{}
39;255;{}
39;622;{}
39;433;{}
40;40;{}
40;146;{}
40;147;{}
40;148;{}
40;237;{}
40;559;{}
40;517;{}
40;522;{}
40;560;{}
40;218;{}
40;481;{}
40;561;{}
40;562;{}
40;255;{}
40;196;{}
40;232;{}
41;41;{}
41;149;{}
41;150;{}
41;151;{}
41;451;{}
41;237;{}
41;623;{}
41;199;{}
41;624;{}
41;625;{}
41;301;{}
41;203;{}
41;255;{}
41;196;{}
41;626;{}
41;498;{}
42;42;{}
42;152;{}
42;153;{}
42;154;{}
42;155;{}
42;156;{}
42;157;{}
42;158;{}
42;159;{}
42;160;{}
42;161;{}
42;150;{}
42;162;{}
42;163;{}
42;164;{}
42;165;{}
42;166;{}
42;167;{}
42;88;{}
42;168;{}
42;237;{}
42;627;{}
42;517;{}
42;628;{}
42;629;{}
42;196;{}
42;454;{}
42;630;{}
42;631;{}
42;632;{}
42;633;{}
42;634;{}
42;460;{}
42;635;{}
42;636;{}
42;637;{}
42;638;{}
42;228;{}
42;639;{}
42;640;{}
42;641;{}
42;211;{}
42;642;{}
42;212;{}
42;643;{}
42;644;{}
42;645;{}
42;646;{}
42;647;{}
42;648;{}
42;232;{}
42;649;{}
42;650;{}
42;651;{}
42;301;{}
42;218;{}
42;302;{}
42;652;{}
42;653;{}
43;43;{}
43;237;{}
43;654;{}
43;386;{}
43;279;{}
43;655;{}
43;656;{}
43;657;{}
43;658;{}
43;415;{}
43;659;{}
43;490;{}
43;660;{}
43;592;{}
43;661;{}
43;662;{}
43;439;{}
43;663;{}
43;664;{}
43;665;{}
43;212;{}
43;666;{}
43;667;{}
43;232;{}
43;301;{}
43;218;{}
43;668;{}
43;669;{}
43;670;{}
43;196;{}
44;44;{}
44;576;{}
44;237;{}
44;531;{}
44;671;{}
44;672;{}
44;212;{}
44;673;{}
44;674;{}
44;196;{}
44;203;{}
44;255;{}
44;675;{}
44;205;{}
44;676;{}
44;219;{}
45;45;{}
45;88;{}
45;169;{}
45;806;{}
45;237;{}
45;307;{}
45;504;{}
45;202;{}
45;325;{}
45;179;{}
45;807;{}
45;808;{}
45;809;{}
45;440;{}
45;810;{}
45;811;{}
45;800;{}
45;266;{}
45;812;{}
45;813;{}
45;232;{}
45;814;{}
45;717;{}
45;217;{}
45;301;{}
45;218;{}
45;815;{}
45;752;{}
45;196;{}
46;46;{}
46;109;{}
46;677;{}
46;237;{}
46;232;{}
46;678;{}
46;212;{}
46;434;{}
46;446;{}
46;322;{}
46;218;{}
46;301;{}
46;309;{}
46;353;{}
46;679;{}
46;185;{}
46;680;{}
46;196;{}
46;219;{}
47;47;{}
47;237;{}
47;332;{}
47;563;{}
47;301;{}
47;218;{}
47;564;{}
47;325;{}
47;255;{}
47;196;{}
47;565;{}
47;232;{}
48;48;{}
48;237;{}
48;407;{}
48;408;{}
48;212;{}
48;409;{}
48;410;{}
48;218;{}
48;411;{}
48;412;{}
48;325;{}
48;255;{}
48;196;{}
48;232;{}
49;49;{}
49;237;{}
49;413;{}
49;414;{}
49;218;{}
49;415;{}
49;325;{}
49;196;{}
49;232;{}
50;50;{}
50;255;{}
51;51;{}
51;816;{}
51;237;{}
51;197;{}
51;307;{}
51;232;{}
51;384;{}
51;301;{}
51;218;{}
51;817;{}
51;309;{}
51;325;{}
51;196;{}
51;268;{}
51;231;{}
51;818;{}
51;270;{}
52;52;{}
52;237;{}
52;566;{}
52;435;{}
52;218;{}
52;325;{}
52;196;{}
52;232;{}
53;53;{}
53;203;{}
53;301;{}
54;54;{}
54;567;{}
54;237;{}
54;301;{}
54;218;{}
54;325;{}
54;255;{}
54;196;{}
55;55;{}
55;88;{}
55;170;{}
55;128;{}
55;237;{}
55;416;{}
55;417;{}
55;279;{}
55;203;{}
55;418;{}
55;419;{}
55;180;{}
55;420;{}
55;328;{}
55;421;{}
55;288;{}
55;422;{}
55;423;{}
55;245;{}
55;424;{}
55;210;{}
55;187;{}
55;247;{}
55;211;{}
55;425;{}
55;293;{}
55;212;{}
55;265;{}
55;426;{}
55;191;{}
55;427;{}
55;250;{}
55;232;{}
55;428;{}
55;429;{}
55;430;{}
55;431;{}
55;432;{}
55;301;{}
55;218;{}
55;322;{}
55;305;{}
55;196;{}
55;433;{}
56;56;{}
56;171;{}
56;86;{}
56;88;{}
56;237;{}
56;434;{}
56;435;{}
56;436;{}
56;437;{}
56;438;{}
56;439;{}
56;440;{}
56;288;{}
56;236;{}
56;228;{}
56;211;{}
56;188;{}
56;212;{}
56;441;{}
56;191;{}
56;442;{}
56;232;{}
56;443;{}
56;217;{}
56;301;{}
56;218;{}
56;444;{}
56;445;{}
56;255;{}
56;196;{}
57;57;{}
57;237;{}
57;218;{}
57;325;{}
57;568;{}
57;569;{}
57;196;{}
57;232;{}
58;58;{}
58;237;{}
58;567;{}
58;681;{}
58;682;{}
58;301;{}
58;218;{}
58;683;{}
58;352;{}
58;336;{}
58;684;{}
58;196;{}
58;685;{}
58;331;{}
58;572;{}
58;686;{}
58;687;{}
59;59;{}
59;237;{}
59;279;{}
59;212;{}
59;446;{}
59;322;{}
59;218;{}
59;301;{}
59;447;{}
59;448;{}
59;449;{}
59;450;{}
59;196;{}
59;232;{}
60;60;{}
60;172;{}
60;173;{}
60;819;{}
60;237;{}
60;279;{}
60;281;{}
60;820;{}
60;821;{}
60;822;{}
60;823;{}
60;457;{}
60;824;{}
60;825;{}
60;826;{}
60;827;{}
60;377;{}
60;212;{}
60;396;{}
60;828;{}
60;191;{}
60;829;{}
60;232;{}
60;398;{}
60;498;{}
60;301;{}
60;218;{}
60;830;{}
60;831;{}
60;196;{}
60;832;{}
61;61;{}
61;245;{}
61;237;{}
61;570;{}
61;301;{}
61;218;{}
61;508;{}
61;571;{}
61;336;{}
61;465;{}
61;572;{}
61;573;{}
61;196;{}
61;574;{}
62;62;{}
62;174;{}
62;88;{}
62;451;{}
62;452;{}
62;237;{}
62;202;{}
62;453;{}
62;454;{}
62;455;{}
62;456;{}
62;457;{}
62;458;{}
62;459;{}
62;460;{}
62;461;{}
62;462;{}
62;463;{}
62;212;{}
62;265;{}
62;464;{}
62;465;{}
62;380;{}
62;466;{}
62;467;{}
62;232;{}
62;468;{}
62;469;{}
62;301;{}
62;218;{}
62;470;{}
62;196;{}
63;63;{}
63;92;{}
63;175;{}
63;176;{}
63;237;{}
63;386;{}
63;307;{}
63;833;{}
63;834;{}
63;721;{}
63;203;{}
63;835;{}
63;836;{}
63;837;{}
63;683;{}
63;236;{}
63;838;{}
63;245;{}
63;839;{}
63;840;{}
63;247;{}
63;841;{}
63;188;{}
63;212;{}
63;842;{}
63;843;{}
63;844;{}
63;845;{}
63;191;{}
63;267;{}
63;316;{}
63;846;{}
63;397;{}
63;847;{}
63;848;{}
63;231;{}
63;232;{}
63;849;{}
63;850;{}
63;321;{}
63;851;{}
63;301;{}
63;322;{}
63;485;{}
63;852;{}
63;853;{}
63;830;{}
63;854;{}
63;196;{}
63;433;{}
63;219;{}
64;64;{}
64;177;{}
64;471;{}
64;472;{}
64;237;{}
64;279;{}
64;473;{}
64;281;{}
64;239;{}
64;474;{}
64;203;{}
64;475;{}
64;476;{}
64;477;{}
64;305;{}
64;478;{}
64;479;{}
64;293;{}
64;212;{}
64;480;{}
64;481;{}
64;267;{}
64;316;{}
64;231;{}
64;232;{}
64;482;{}
64;317;{}
64;483;{}
64;320;{}
64;484;{}
64;301;{}
64;218;{}
64;322;{}
64;485;{}
64;486;{}
64;487;{}
64;488;{}
64;196;{}
65;65;{}
66;66;{}
67;67;{}
68;68;{}
69;69;{}
70;70;{}
71;71;{}
72;72;{}
73;73;{}
74;74;{}
75;75;{}
76;76;{}
77;77;{}
78;78;{}
79;79;{}
80;80;{}
81;81;{}
82;82;{}
83;83;{}
84;84;{}
85;85;{}
86;86;{}
87;87;{}
88;88;{}
89;89;{}
90;90;{}
91;91;{}
92;92;{}
93;93;{}
94;94;{}
95;95;{}
96;96;{}
97;97;{}
98;98;{}
99;99;{}
100;100;{}
101;101;{}
102;102;{}
103;103;{}
104;104;{}
105;105;{}
106;106;{}
107;107;{}
108;108;{}
109;109;{}
110;110;{}
111;111;{}
112;112;{}
113;113;{}
114;114;{}
115;115;{}
116;116;{}
117;117;{}
118;118;{}
119;119;{}
120;120;{}
121;121;{}
122;122;{}
123;123;{}
124;124;{}
125;125;{}
126;126;{}
127;127;{}
128;128;{}
129;129;{}
130;130;{}
131;131;{}
132;132;{}
133;133;{}
134;134;{}
135;135;{}
136;136;{}
137;137;{}
138;138;{}
139;139;{}
140;140;{}
141;141;{}
142;142;{}
143;143;{}
144;144;{}
145;145;{}
146;146;{}
147;147;{}
148;148;{}
149;149;{}
150;150;{}
151;151;{}
152;152;{}
153;153;{}
154;154;{}
155;155;{}
156;156;{}
157;157;{}
158;158;{}
159;159;{}
160;160;{}
161;161;{}
162;162;{}
163;163;{}
164;164;{}
165;165;{}
166;166;{}
167;167;{}
168;168;{}
169;169;{}
170;170;{}
171;171;{}
172;172;{}
173;173;{}
174;174;{}
175;175;{}
176;176;{}
177;177;{}
178;178;{}
179;179;{}
180;180;{}
181;181;{}
182;182;{}
183;183;{}
184;184;{}
185;185;{}
186;186;{}
187;187;{}
188;188;{}
189;189;{}
190;190;{}
191;191;{}
192;192;{}
193;193;{}
194;194;{}
195;195;{}
196;196;{}
197;197;{}
198;198;{}
199;199;{}
200;200;{}
201;201;{}
202;202;{}
203;203;{}
204;204;{}
205;205;{}
206;206;{}
207;207;{}
208;208;{}
209;209;{}
210;210;{}
211;211;{}
212;212;{}
213;213;{}
214;214;{}
215;215;{}
216;216;{}
217;217;{}
218;218;{}
219;219;{}
220;220;{}
221;221;{}
222;222;{}
223;223;{}
224;224;{}
225;225;{}
226;226;{}
227;227;{}
228;228;{}
229;229;{}
230;230;{}
231;231;{}
232;232;{}
233;233;{}
234;234;{}
235;235;{}
236;236;{}
237;237;{}
238;238;{}
239;239;{}
240;240;{}
241;241;{}
242;242;{}
243;243;{}
244;244;{}
245;245;{}
246;246;{}
247;247;{}
248;248;{}
249;249;{}
250;250;{}
251;251;{}
252;252;{}
253;253;{}
254;254;{}
255;255;{}
256;256;{}
257;257;{}
258;258;{}
259;259;{}
260;260;{}
261;261;{}
262;262;{}
263;263;{}
264;264;{}
265;265;{}
266;266;{}
267;267;{}
268;268;{}
269;269;{}
270;270;{}
271;271;{}
272;272;{}
273;273;{}
274;274;{}
275;275;{}
276;276;{}
277;277;{}
278;278;{}
279;279;{}
280;280;{}
281;281;{}
282;282;{}
283;283;{}
284;284;{}
285;285;{}
286;286;{}
287;287;{}
288;288;{}
289;289;{}
290;290;{}
291;291;{}
292;292;{}
293;293;{}
294;294;{}
295;295;{}
296;296;{}
297;297;{}
298;298;{}
299;299;{}
300;300;{}
301;301;{}
302;302;{}
303;303;{}
304;304;{}
305;305;{}
306;306;{}
307;307;{}
308;308;{}
309;309;{}
310;310;{}
311;311;{}
312;312;{}
313;313;{}
314;314;{}
315;315;{}
316;316;{}
317;317;{}
318;318;{}
319;319;{}
320;320;{}
321;321;{}
322;322;{}
323;323;{}
324;324;{}
325;325;{}
326;326;{}
327;327;{}
328;328;{}
329;329;{}
330;330;{}
331;331;{}
332;332;{}
333;333;{}
334;334;{}
335;335;{}
336;336;{}
337;337;{}
338;338;{}
339;339;{}
340;340;{}
341;341;{}
342;342;{}
343;343;{}
344;344;{}
345;345;{}
346;346;{}
347;347;{}
348;348;{}
349;349;{}
350;350;{}
351;351;{}
352;352;{}
353;353;{}
354;354;{}
355;355;{}
356;356;{}
357;357;{}
358;358;{}
359;359;{}
360;360;{}
361;361;{}
362;362;{}
363;363;{}
364;364;{}
365;365;{}
366;366;{}
367;367;{}
368;368;{}
369;369;{}
370;370;{}
371;371;{}
372;372;{}
373;373;{}
374;374;{}
375;375;{}
376;376;{}
377;377;{}
378;378;{}
379;379;{}
380;380;{}
381;381;{}
382;382;{}
383;383;{}
384;384;{}
385;385;{}
386;386;{}
387;387;{}
388;388;{}
389;389;{}
390;390;{}
391;391;{}
392;392;{}
393;393;{}
394;394;{}
395;395;{}
396;396;{}
397;397;{}
398;398;{}
399;399;{}
400;400;{}
401;401;{}
402;402;{}
403;403;{}
404;404;{}
405;405;{}
406;406;{}
407;407;{}
408;408;{}
409;409;{}
410;410;{}
411;411;{}
412;412;{}
413;413;{}
414;414;{}
415;415;{}
416;416;{}
417;417;{}
418;418;{}
419;419;{}
420;420;{}
421;421;{}
422;422;{}
423;423;{}
424;424;{}
425;425;{}
426;426;{}
427;427;{}
428;428;{}
429;429;{}
430;430;{}
431;431;{}
432;432;{}
433;433;{}
434;434;{}
435;435;{}
436;436;{}
437;437;{}
438;438;{}
439;439;{}
440;440;{}
441;441;{}
442;442;{}
443;443;{}
444;444;{}
445;445;{}
446;446;{}
447;447;{}
448;448;{}
449;449;{}
450;450;{}
451;451;{}
452;452;{}
453;453;{}
454;454;{}
455;455;{}
456;456;{}
457;457;{}
458;458;{}
459;459;{}
460;460;{}
461;461;{}
462;462;{}
463;463;{}
464;464;{}
465;465;{}
466;466;{}
467;467;{}
468;468;{}
469;469;{}
470;470;{}
471;471;{}
472;472;{}
473;473;{}
474;474;{}
475;475;{}
476;476;{}
477;477;{}
478;478;{}
479;479;{}
480;480;{}
481;481;{}
482;482;{}
483;483;{}
484;484;{}
485;485;{}
486;486;{}
487;487;{}
488;488;{}
489;489;{}
490;490;{}
491;491;{}
492;492;{}
493;493;{}
494;494;{}
495;495;{}
496;496;{}
497;497;{}
498;498;{}
499;499;{}
500;500;{}
501;501;{}
502;502;{}
503;503;{}
504;504;{}
505;505;{}
506;506;{}
507;507;{}
508;508;{}
509;509;{}
510;510;{}
511;511;{}
512;512;{}
513;513;{}
514;514;{}
515;515;{}
516;516;{}
517;517;{}
518;518;{}
519;519;{}
520;520;{}
521;521;{}
522;522;{}
523;523;{}
524;524;{}
525;525;{}
526;526;{}
527;527;{}
528;528;{}
529;529;{}
530;530;{}
531;531;{}
532;532;{}
533;533;{}
534;534;{}
535;535;{}
536;536;{}
537;537;{}
538;538;{}
539;539;{}
540;540;{}
541;541;{}
542;542;{}
543;543;{}
544;544;{}
545;545;{}
546;546;{}
547;547;{}
548;548;{}
549;549;{}
550;550;{}
551;551;{}
552;552;{}
553;553;{}
554;554;{}
555;555;{}
556;556;{}
557;557;{}
558;558;{}
559;559;{}
560;560;{}
561;561;{}
562;562;{}
563;563;{}
564;564;{}
565;565;{}
566;566;{}
567;567;{}
568;568;{}
569;569;{}
570;570;{}
571;571;{}
572;572;{}
573;573;{}
574;574;{}
575;575;{}
576;576;{}
577;577;{}
578;578;{}
579;579;{}
580;580;{}
581;581;{}
582;582;{}
583;583;{}
584;584;{}
585;585;{}
586;586;{}
587;587;{}
588;588;{}
589;589;{}
590;590;{}
591;591;{}
592;592;{}
593;593;{}
594;594;{}
595;595;{}
596;596;{}
597;597;{}
598;598;{}
599;599;{}
600;600;{}
601;601;{}
602;602;{}
603;603;{}
604;604;{}
605;605;{}
606;606;{}
607;607;{}
608;608;{}
609;609;{}
610;610;{}
611;611;{}
612;612;{}
613;613;{}
614;614;{}
615;615;{}
616;616;{}
617;617;{}
618;618;{}
619;619;{}
620;620;{}
621;621;{}
622;622;{}
623;623;{}
624;624;{}
625;625;{}
626;626;{}
627;627;{}
628;628;{}
629;629;{}
630;630;{}
631;631;{}
632;632;{}
633;633;{}
634;634;{}
635;635;{}
636;636;{}
637;637;{}
638;638;{}
639;639;{}
640;640;{}
641;641;{}
642;642;{}
643;643;{}
644;644;{}
645;645;{}
646;646;{}
647;647;{}
648;648;{}
649;649;{}
650;650;{}
651;651;{}
652;652;{}
653;653;{}
654;654;{}
655;655;{}
656;656;{}
657;657;{}
658;658;{}
659;659;{}
660;660;{}
661;661;{}
662;662;{}
663;663;{}
664;664;{}
665;665;{}
666;666;{}
667;667;{}
668;668;{}
669;669;{}
670;670;{}
671;671;{}
672;672;{}
673;673;{}
674;674;{}
675;675;{}
676;676;{}
677;677;{}
678;678;{}
679;679;{}
680;680;{}
681;681;{}
682;682;{}
683;683;{}
684;684;{}
685;685;{}
686;686;{}
687;687;{}
688;688;{}
689;689;{}
690;690;{}
691;691;{}
692;692;{}
693;693;{}
694;694;{}
695;695;{}
696;696;{}
697;697;{}
698;698;{}
699;699;{}
700;700;{}
701;701;{}
702;702;{}
703;703;{}
704;704;{}
705;705;{}
706;706;{}
707;707;{}
708;708;{}
709;709;{}
710;710;{}
711;711;{}
712;712;{}
713;713;{}
714;714;{}
715;715;{}
716;716;{}
717;717;{}
718;718;{}
719;719;{}
720;720;{}
721;721;{}
722;722;{}
723;723;{}
724;724;{}
725;725;{}
726;726;{}
727;727;{}
728;728;{}
729;729;{}
730;730;{}
731;731;{}
732;732;{}
733;733;{}
734;734;{}
735;735;{}
736;736;{}
737;737;{}
738;738;{}
739;739;{}
740;740;{}
741;741;{}
742;742;{}
743;743;{}
744;744;{}
745;745;{}
746;746;{}
747;747;{}
748;748;{}
749;749;{}
750;750;{}
751;751;{}
752;752;{}
753;753;{}
754;754;{}
755;755;{}
756;756;{}
757;757;{}
758;758;{}
759;759;{}
760;760;{}
761;761;{}
762;762;{}
763;763;{}
764;764;{}
765;765;{}
766;766;{}
767;767;{}
768;768;{}
769;769;{}
770;770;{}
771;771;{}
772;772;{}
773;773;{}
774;774;{}
775;775;{}
776;776;{}
777;777;{}
778;778;{}
779;779;{}
780;780;{}
781;781;{}
782;782;{}
783;783;{}
784;784;{}
785;785;{}
786;786;{}
787;787;{}
788;788;{}
789;789;{}
790;790;{}
791;791;{}
792;792;{}
793;793;{}
794;794;{}
795;795;{}
796;796;{}
797;797;{}
798;798;{}
799;799;{}
800;800;{}
801;801;{}
802;802;{}
803;803;{}
804;804;{}
805;805;{}
806;806;{}
807;807;{}
808;808;{}
809;809;{}
810;810;{}
811;811;{}
812;812;{}
813;813;{}
814;814;{}
815;815;{}
816;816;{}
817;817;{}
818;818;{}
819;819;{}
820;820;{}
821;821;{}
822;822;{}
823;823;{}
824;824;{}
825;825;{}
826;826;{}
827;827;{}
828;828;{}
829;829;{}
830;830;{}
831;831;{}
832;832;{}
833;833;{}
834;834;{}
835;835;{}
836;836;{}
837;837;{}
838;838;{}
839;839;{}
840;840;{}
841;841;{}
842;842;{}
843;843;{}
844;844;{}
845;845;{}
846;846;{}
847;847;{}
848;848;{}
849;849;{}
850;850;{}
851;851;{}
852;852;{}
853;853;{}
854;854;{}
